Workbook

Sheet Instructions
A1: Perform the following in the dataset from the 'Dataset' sheet.
B3: 1) Sum, Count, Average:
C4: • What is the total price of all products in the dataset?
C5: • How many products are there in the dataset?
C6: • Calculate the average price of the products.
B8: 2) Min and Max:
C9: • Determine the minimum price among all products.
C10: • Find the maximum price among all products.
B12: 3) IF Function:
C13: • Using an IF function, create a new column named Price Range to categorize products with a price greater than or equal to $500 as 'High Price' and others as 'Standard Price'.
B15: 4) SUMIF and COUNTIF:
C16: • Calculate the total price for products in the 'Electronics' category using the SUMIF function.
C17: • Determine the count of products with a price less than $100 using the COUNTIF function.
B19: 5) Text Formatting - LEFT, RIGHT, MID:
C20: • Create a new column named Day with the first 2 characters of each 'Product ID' using the LEFT function.
C21: • Create a new column named Country Code by extracting the last 2 characters from the 'Product ID' column using the RIGHT function.
C22: • Create a new column named Month by extracting 4th to 6th characters from the 'Product ID' column using the MID function.

Sheet Dataset
A1: Product ID | B1: Product Name | C1: Brand Name | D1: Price ($) | E1: Price range | F1: Quantity | G1: Category | H1: Day | I1: Country code | J1: Month | N1: 1) Sum, Count, Average: | O1: Function | P1: Formula
A2: 28-JAN-US | B2: Laptop | C2: Dell | D2: 1000 | E2: =IF(D2>=500,"High Price","Standard Price") -> High Price | F2: 30 | G2: Electronics | H2: =LEFT(Dataset!A2:A35,2) -> 28 | I2: =RIGHT(A2:A35,2) -> US | J2: =MID(A2,4,1)&MID(A2,6,1) -> JN
A3: 15-FEB-US | B3: Sneakers | C3: Nike | D3: 80 | E3: =IF(D3>=500,"High Price","Standard Price") -> Standard Price | F3: 15 | G3: Fashion | H3: =LEFT(Dataset!A3:A36,2) -> 15 | I3: =RIGHT(A3:A36,2) -> US | J3: =MID(A3,4,1)&MID(A3,6,1) -> FB | N3: What is the total price of all products in the dataset? | O3: SUM | P3: =SUM(D2:D35) -> 10100
A4: 03-MAR-US | B4: Coffee Maker | C4: Keurig | D4: 130 | E4: =IF(D4>=500,"High Price","Standard Price") -> Standard Price | F4: 40 | G4: Kitchen | H4: =LEFT(Dataset!A4:A37,2) -> 03 | I4: =RIGHT(A4:A37,2) -> US | J4: =MID(A4,4,1)&MID(A4,6,1) -> MR
A5: 11-APR-US | B5: Smartphone | C5: Samsung | D5: 900 | E5: =IF(D5>=500,"High Price","Standard Price") -> High Price | F5: 25 | G5: Electronics | H5: =LEFT(Dataset!A5:A38,2) -> 11 | I5: =RIGHT(A5:A38,2) -> US | J5: =MID(A5,4,1)&MID(A5,6,1) -> AR | N5: How many products are there in the dataset? | O5: COUNTA | P5: =COUNTA(A2:A35) -> 34
A6: 22-MAY-US | B6: Backpack | C6: North Face | D6: 70 | E6: =IF(D6>=500,"High Price","Standard Price") -> Standard Price | F6: 20 | G6: Outdoor | H6: =LEFT(Dataset!A6:A39,2) -> 22 | I6: =RIGHT(A6:A39,2) -> US | J6: =MID(A6,4,1)&MID(A6,6,1) -> MY
A7: 07-JUN-UK | B7: Headphones | C7: Sony | D7: 200 | E7: =IF(D7>=500,"High Price","Standard Price") -> Standard Price | F7: 45 | G7: Electronics | H7: =LEFT(Dataset!A7:A40,2) -> 07 | I7: =RIGHT(A7:A40,2) -> UK | J7: =MID(A7,4,1)&MID(A7,6,1) -> JN | N7: Calculate the average price of the products? | O7: AVERAGE | P7: =AVERAGE(D2:D35) -> 297.05882
A8: 19-JUL-UK | B8: T-shirt | C8: Adidas | D8: 30 | E8: =IF(D8>=500,"High Price","Standard Price") -> Standard Price | F8: 5 | G8: Fashion | H8: =LEFT(Dataset!A8:A41,2) -> 19 | I8: =RIGHT(A8:A41,2) -> UK | J8: =MID(A8,4,1)&MID(A8,6,1) -> JL
A9: 23-AUG-UK | B9: Blender | C9: Ninja | D9: 90 | E9: =IF(D9>=500,"High Price","Standard Price") -> Standard Price | F9: 35 | G9: Kitchen | H9: =LEFT(Dataset!A9:A42,2) -> 23 | I9: =RIGHT(A9:A42,2) -> UK | J9: =MID(A9,4,1)&MID(A9,6,1) -> AG | N9: 2) Min and Max:
A10: 05-SEP-UK | B10: Tablet | C10: Apple | D10: 500 | E10: =IF(D10>=500,"High Price","Standard Price") -> High Price | F10: 50 | G10: Electronics | H10: =LEFT(Dataset!A10:A43,2) -> 05 | I10: =RIGHT(A10:A43,2) -> UK | J10: =MID(A10,4,1)&MID(A10,6,1) -> SP
A11: 14-OCT-UK | B11: Hiking Boots | C11: Timberland | D11: 130 | E11: =IF(D11>=500,"High Price","Standard Price") -> Standard Price | F11: 10 | G11: Outdoor | H11: =LEFT(Dataset!A11:A44,2) -> 14 | I11: =RIGHT(A11:A44,2) -> UK | J11: =MID(A11,4,1)&MID(A11,6,1) -> OT | N11: Determine the minimum price among all products. | O11: MIN | P11: =MIN(D2:D35) -> 30
A12: 17-JUN-IN | B12: Laptop | C12: HP | D12: 950 | E12: =IF(D12>=500,"High Price","Standard Price") -> High Price | F12: 25 | G12: Electronics | H12: =LEFT(Dataset!A12:A45,2) -> 17 | I12: =RIGHT(A12:A45,2) -> IN | J12: =MID(A12,4,1)&MID(A12,6,1) -> JN
A13: 25-NOV-AU | B13: Sneakers | C13: Adidas | D13: 90 | E13: =IF(D13>=500,"High Price","Standard Price") -> Standard Price | F13: 40 | G13: Fashion | H13: =LEFT(Dataset!A13:A46,2) -> 25 | I13: =RIGHT(A13:A46,2) -> AU | J13: =MID(A13,4,1)&MID(A13,6,1) -> NV | N13: Determine the minimum price among all products. | O13: MAX | P13: =MAX(D2:D35) -> 1000
A14: 08-DEC-DE | B14: Coffee Maker | C14: Nespresso | D14: 120 | E14: =IF(D14>=500,"High Price","Standard Price") -> Standard Price | F14: 35 | G14: Kitchen | H14: =LEFT(Dataset!A14:A47,2) -> 08 | I14: =RIGHT(A14:A47,2) -> DE | J14: =MID(A14,4,1)&MID(A14,6,1) -> DC
A15: 18-FEB-CA | B15: Smartwatch | C15: Fitbit | D15: 150 | E15: =IF(D15>=500,"High Price","Standard Price") -> Standard Price | F15: 15 | G15: Electronics | H15: =LEFT(Dataset!A15:A48,2) -> 18 | I15: =RIGHT(A15:A48,2) -> CA | J15: =MID(A15,4,1)&MID(A15,6,1) -> FB | N15: 3) IF Function: | O15: IF | P15: Done in Table coulmn E
A16: 16-APR-ES | B16: Headphones | C16: Bose | D16: 250 | E16: =IF(D16>=500,"High Price","Standard Price") -> Standard Price | F16: 20 | G16: Electronics | H16: =LEFT(Dataset!A16:A49,2) -> 16 | I16: =RIGHT(A16:A49,2) -> ES | J16: =MID(A16,4,1)&MID(A16,6,1) -> AR
A17: 21-AUG-CA | B17: Laptop Bag | C17: Samsonite | D17: 50 | E17: =IF(D17>=500,"High Price","Standard Price") -> Standard Price | F17: 35 | G17: Accessories | H17: =LEFT(Dataset!A17:A50,2) -> 21 | I17: =RIGHT(A17:A50,2) -> CA | J17: =MID(A17,4,1)&MID(A17,6,1) -> AG | N17: 4) SUMIF and COUNTIF:
A18: 20-AUG-CN | B18: Smartwatch | C18: Huawei | D18: 160 | E18: =IF(D18>=500,"High Price","Standard Price") -> Standard Price | F18: 15 | G18: Electronics | H18: =LEFT(Dataset!A18:A51,2) -> 20 | I18: =RIGHT(A18:A51,2) -> CN | J18: =MID(A18,4,1)&MID(A18,6,1) -> AG
A19: 27-JAN-IT | B19: Laptop | C19: Asus | D19: 980 | E19: =IF(D19>=500,"High Price","Standard Price") -> High Price | F19: 10 | G19: Electronics | H19: =LEFT(Dataset!A19:A52,2) -> 27 | I19: =RIGHT(A19:A52,2) -> IT | J19: =MID(A19,4,1)&MID(A19,6,1) -> JN | N19: Calculate the total price for products in the 'Electronics' category using the SUMIF function. | O19: SUM IF | P19: =SUMIF(G2:G35,"Electronics",D2:D35) -> 8050
A20: 01-MAR-UK | B20: Sunglasses | C20: Oakley | D20: 150 | E20: =IF(D20>=500,"High Price","Standard Price") -> Standard Price | F20: 15 | G20: Fashion | H20: =LEFT(Dataset!A20:A53,2) -> 01 | I20: =RIGHT(A20:A53,2) -> UK | J20: =MID(A20,4,1)&MID(A20,6,1) -> MR
A21: 14-AUG-US | B21: Camping Tent | C21: Coleman | D21: 200 | E21: =IF(D21>=500,"High Price","Standard Price") -> Standard Price | F21: 10 | G21: Outdoor | H21: =LEFT(Dataset!A21:A54,2) -> 14 | I21: =RIGHT(A21:A54,2) -> US | J21: =MID(A21,4,1)&MID(A21,6,1) -> AG | N21: Determine the count of products with a price less than $100 using the COUNTIF function. | O21: COUNTIF | P21: =COUNTIF(D2:D35,"<100") -> 11
A22: 14-MAY-RU | B22: Camera | C22: Nikon | D22: 700 | E22: =IF(D22>=500,"High Price","Standard Price") -> High Price | F22: 50 | G22: Electronics | H22: =LEFT(Dataset!A22:A55,2) -> 14 | I22: =RIGHT(A22:A55,2) -> RU | J22: =MID(A22,4,1)&MID(A22,6,1) -> MY
A23: 09-JAN-CA | B23: Microwave | C23: Panasonic | D23: 80 | E23: =IF(D23>=500,"High Price","Standard Price") -> Standard Price | F23: 20 | G23: Kitchen | H23: =LEFT(Dataset!A23:A56,2) -> 09 | I23: =RIGHT(A23:A56,2) -> CA | J23: =MID(A23,4,1)&MID(A23,6,1) -> JN | N23: 5) Text Formatting - LEFT, RIGHT, MID:
A24: 19-JUL-BR | B24: Fitness Tracker | C24: Xiaomi | D24: 150 | E24: =IF(D24>=500,"High Price","Standard Price") -> Standard Price | F24: 30 | G24: Electronics | H24: =LEFT(Dataset!A24:A57,2) -> 19 | I24: =RIGHT(A24:A57,2) -> BR | J24: =MID(A24,4,1)&MID(A24,6,1) -> JL
A25: 21-AUG-CA | B25: Laptop Bag | C25: Samsonite | D25: 50 | E25: =IF(D25>=500,"High Price","Standard Price") -> Standard Price | F25: 35 | G25: Accessories | H25: =LEFT(Dataset!A25:A58,2) -> 21 | I25: =RIGHT(A25:A58,2) -> CA | J25: =MID(A25,4,1)&MID(A25,6,1) -> AG | N25: Create a new column named Day with the first 2 characters of each 'Product ID' using the LEFT function. | O25: LEFT | P25: Done in Table coulmn H
A26: 29-SEP-CA | B26: Smartphone | C26: Google | D26: 800 | E26: =IF(D26>=500,"High Price","Standard Price") -> High Price | F26: 45 | G26: Electronics | H26: =LEFT(Dataset!A26:A59,2) -> 29 | I26: =RIGHT(A26:A59,2) -> CA | J26: =MID(A26,4,1)&MID(A26,6,1) -> SP
A27: 03-JUN-CA | B27: Sunglasses | C27: Ray-Ban | D27: 130 | E27: =IF(D27>=500,"High Price","Standard Price") -> Standard Price | F27: 25 | G27: Fashion | H27: =LEFT(Dataset!A27:A60,2) -> 03 | I27: =RIGHT(A27:A60,2) -> CA | J27: =MID(A27,4,1)&MID(A27,6,1) -> JN | N27: Create a new column named Country Code by extracting the last 2 characters from the 'Product ID' column using the RIGHT function. | O27: RIGHT | P27: Done in Table coulmn I
A28: 11-JUL-CA | B28: Blender | C28: Vitamix | D28: 400 | E28: =IF(D28>=500,"High Price","Standard Price") -> Standard Price | F28: 40 | G28: Kitchen | H28: =LEFT(Dataset!A28:A61,2) -> 11 | I28: =RIGHT(A28:A61,2) -> CA | J28: =MID(A28,4,1)&MID(A28,6,1) -> JL
A29: 16-APR-ES | B29: Headphones | C29: Bose | D29: 230 | E29: =IF(D29>=500,"High Price","Standard Price") -> Standard Price | F29: 20 | G29: Electronics | H29: =LEFT(Dataset!A29:A62,2) -> 16 | I29: =RIGHT(A29:A62,2) -> ES | J29: =MID(A29,4,1)&MID(A29,6,1) -> AR | N29: Create a new column named Month by extracting 4th to 6th characters from the 'Product ID' column using the MID function. | O29: MID | P29: Done in Table coulmn J
A30: 07-MAR-CA | B30: Dress | C30: Zara | D30: 60 | E30: =IF(D30>=500,"High Price","Standard Price") -> Standard Price | F30: 30 | G30: Fashion | H30: =LEFT(Dataset!A30:A63,2) -> 07 | I30: =RIGHT(A30:A63,2) -> CA | J30: =MID(A30,4,1)&MID(A30,6,1) -> MR
A31: 13-APR-CA | B31: Toaster | C31: Hamilton | D31: 40 | E31: =IF(D31>=500,"High Price","Standard Price") -> Standard Price | F31: 10 | G31: Kitchen | H31: =LEFT(Dataset!A31:A64,2) -> 13 | I31: =RIGHT(A31:A64,2) -> CA | J31: =MID(A31,4,1)&MID(A31,6,1) -> AR
A32: 24-MAY-CA | B32: Fitness Tracker | C32: Garmin | D32: 130 | E32: =IF(D32>=500,"High Price","Standard Price") -> Standard Price | F32: 5 | G32: Electronics | H32: =LEFT(Dataset!A32:A65,2) -> 24 | I32: =RIGHT(A32:A65,2) -> CA | J32: =MID(A32,4,1)&MID(A32,6,1) -> MY
A33: 02-DEC-CA | B33: Jeans | C33: Levi's | D33: 50 | E33: =IF(D33>=500,"High Price","Standard Price") -> Standard Price | F33: 50 | G33: Fashion | H33: =LEFT(Dataset!A33:A66,2) -> 02 | I33: =RIGHT(A33:A66,2) -> CA | J33: =MID(A33,4,1)&MID(A33,6,1) -> DC
A34: 17-JUN-IN | B34: Laptop | C34: HP | D34: 950 | E34: =IF(D34>=500,"High Price","Standard Price") -> High Price | F34: 25 | G34: Electronics | H34: =LEFT(Dataset!A34:A67,2) -> 17 | I34: =RIGHT(A34:A67,2) -> IN | J34: =MID(A34,4,1)&MID(A34,6,1) -> JN
A35: 09-JUL-FR | B35: Watch | C35: Casio | D35: 100 | E35: =IF(D35>=500,"High Price","Standard Price") -> Standard Price | F35: 20 | G35: Accessories | H35: =LEFT(Dataset!A35:A68,2) -> 09 | I35: =RIGHT(A35:A68,2) -> FR | J35: =MID(A35,4,1)&MID(A35,6,1) -> JL
